<ItemPriceRequest>
   <ControlArea>
      <PartnerCode>WEBTOPPS</PartnerCode>
      <InstanceName>WEBDEV</InstanceName>
      <RequestType>PROCESS</RequestType>
      <MessageID>E3C3E45006B0489CE0430B63560AA260</MessageID>
   </ControlArea>
   <DataArea>
      <ItemPrice>
         <ConfiguredItem>1234567890098765432112345678900987654321</ConfiguredItem>
         <ProductCode/>
         <ProductFamily/>
         <PricelistName/>
         <ListPrice/>
         <UOM/>
         <POA/>
         <StartDate>2013-08-18T17:52:47</StartDate>
         <EndDate>2013-08-18T17:52:47</EndDate>
         <ItemPriceFetch>
            <Header>
               <SourceHeaderRef>1876543</SourceHeaderRef>
               <OperatingUnitCode>IEOUEUR</OperatingUnitCode>
               <BusinessUnit>TFM</BusinessUnit>
               <PricingDate>2013-08-18T17:52:47</PricingDate>
               <CustomerNumber>27793</CustomerNumber>
               <SoldToSite>test</SoldToSite>
               <CurrencyCode>USD</CurrencyCode>
               <CheckType>PRICE</CheckType>
               <Line>
                  <SourceLineRef>8765432</SourceLineRef>
                  <PartNumber>1020950</PartNumber>
                  <Quantity>1</Quantity>
                  <UOM>EACH</UOM>
                  <SupplierNumber/>
                  <ManufacturingLocation/>
                  <DivisionCode/>
                  <OrderType/>
                  <ShipmentPriority/>
                  <ShipFrom/>
                  <LineCategory/>
                  <FreightTerms/>
                  <SalesChannel/>
                  <BillTo/>
                  <OrderSource/>
                  <ModifierNumber/>
                  <PricingAttribute1/>
               </Line>
            </Header>
         </ItemPriceFetch>
      </ItemPrice>
   </DataArea>
</ItemPriceRequest>